alias leberhall Brendan Leber <brendan@leberhall.com>
alias gmail Brendan Leber <brendan.leber@gmail.com>
alias polson Peter Olson <peter.olson@gmail.com>
alias dbliss David Bliss <david@dbsi.org>
alias jakehurst Justine Akehurst <justine.akehurst@protonmail.ch>
alias work Brendan Leber <bleber@skytap.com>
alias n0bml Brendan Leber <n0bml@brendanleber.com>
